v1,v2,,,
spam,"Go until jurong point, crazy.. Available only in bugis n great world la e buffet... Cine there got amore wat...",,,
spam,Ok lar... Joking wif u oni...,,,
spam,Free entry in 2 a wkly comp to win FA Cup final tkts 21st May 2005. Text FA to 87121 to receive entry question(std txt rate)T&C's apply 08452810075over18's,,,
ham,U dun say so early hor... U c already then say...,,,
ham,"Nah I don't think he goes to usf, he lives around here though",,,
spam,"FreeMsg Hey there darling it's been 3 week's now and no word back! I'd like some fun you up for it still? Tb ok! XxX std chgs to send, �1.50 to rcv",,,
ham,Even my brother is not like to speak with me. They treat me like aids patent.,,,
ham,As per your request 'Melle Melle (Oru Minnaminunginte Nurungu Vettam)' has been set as your callertune for all Callers. Press *9 to copy your friends Callertune,,,
spam,WINNER!! As a valued network customer you have been selected to receivea �900 prize reward! To claim call 09061701461. Claim code KL341. Valid 12 hours only.,,,
spam,Had your mobile 11 months or more? U R entitled to Update to the latest colour mobiles with camera for Free! Call The Mobile Update Co FREE on 08002986030,,,
ham,"I'm gonna be home soon and i don't want to talk about this stuff anymore tonight, k? I've cried enough today.",,,
spam,"SIX chances to win CASH! From 100 to 20,000 pounds txt> CSH11 and send to 87575. Cost 150p/day, 6days, 16+ TsandCs apply Reply HL 4 info",,,
spam,"URGENT! You have won a 1 week FREE membership in our �100,000 Prize Jackpot! Txt the word: CLAIM to No: 81010 T&C www.dbuk.net LCCLTD POBOX 4403LDNW1A7RW18",,,
ham,I've been searching for the right words to thank you for this breather. I promise i wont take your help for granted and will fulfil my promise. You have been wonderful and a blessing at all times.,,,
ham,I HAVE A DATE ON SUNDAY WITH WILL!!,,,
spam,"XXXMobileMovieClub: To use your credit, click the WAP link in the next txt message or click here>> http://wap. xxxmobilemovieclub.com?n=QJKGIGHJJGCBL",,,
ham,Oh k...i'm watching here:),,,
ham,Eh u remember how 2 spell his name... Yes i did. He v naughty make until i v wet.,,,
ham,Fine if that��s the way u feel. That��s the way its gota b,,,
spam,"England v Macedonia - dont miss the goals/team news. Txt ur national team to 87077 eg ENGLAND to 87077 Try:WALES, SCOTLAND 4txt/̼1.20 POBOXox36504W45WQ 16+",,,
ham,Is that seriously how you spell his name?,,,
ham,I���m going to try for 2 months ha ha only joking,,,
ham,So �_ pay first lar... Then when is da stock comin...,,,
ham,Aft i finish my lunch then i go str down lor. Ard 3 smth lor. U finish ur lunch already?,,,
ham,Ffffffffff. Alright no way I can meet up with you sooner?,,,
ham,Just forced myself to eat a slice. I'm really not hungry tho. This sucks. Mark is getting worried. He knows I'm sick when I turn down pizza. Lol,,,
ham,Lol your always so convincing.,,,
ham,Did you catch the bus ? Are you frying an egg ? Did you make a tea? Are you eating your mom's left over dinner ? Do you feel my Love ?,,,
ham,"I'm back &amp; we're packing the car now, I'll let you know if there's room",,,
ham,Ahhh. Work. I vaguely remember that! What does it feel like? Lol,,,
ham,"Wait that's still not all that clear, were you not sure about me being sarcastic or that that's why x doesn't want to live with us",,,
ham,Yeah he got in at 2 and was v apologetic. n had fallen out and she was actin like spoilt child and he got caught up in that. Till 2! But we won't go there! Not doing too badly cheers. You? ,,,
ham,K tell me anything about you.,,,
ham,For fear of fainting with the of all that housework you just did? Quick have a cuppa,,,
spam,Thanks for your subscription to Ringtone UK your mobile will be charged �5/month Please confirm by replying YES or NO. If you reply NO you will not be charged,,,
ham,Yup... Ok i go home look at the timings then i msg �_ again... Xuhui going to learn on 2nd may too but her lesson is at 8am,,,
ham,"Oops, I'll let you know when my roommate's done",,,
ham,I see the letter B on my car,,,
ham,Anything lor... U decide...,,,
ham,Hello! How's you and how did saturday go? I was just texting to see if you'd decided to do anything tomo. Not that i'm trying to invite myself or anything!,,,
ham,Pls go ahead with watts. I just wanted to be sure. Do have a great weekend. Abiola,,,
ham,"Did I forget to tell you ? I want you , I need you, I crave you ... But most of all ... I love you my sweet Arabian steed ... Mmmmmm ... Yummy",,,
spam,07732584351 - Rodger Burns - MSG = We tried to call you re your reply to our sms for a free nokia mobile + free camcorder. Please call now 08000930705 for delivery tomorrow,,,
ham,WHO ARE YOU SEEING?,,,
ham,Great! I hope you like your man well endowed. I am  &lt;#&gt;  inches...,,,
ham,No calls..messages..missed calls,,,
ham,Didn't you get hep b immunisation in nigeria.,,,
ham,"Fair enough, anything going on?",,,
ham,"Yeah hopefully, if tyler can't do it I could maybe ask around a bit",,,
ham,U don't know how stubborn I am. I didn't even want to go to the hospital. I kept telling Mark I'm not a weak sucker. Hospitals are for weak suckers.,,,
ham,What you thinked about me. First time you saw me in class.,,,
ham,"A gram usually runs like  &lt;#&gt; , a half eighth is smarter though and gets you almost a whole second gram for  &lt;#&gt;",,,
ham,K fyi x has a ride early tomorrow morning but he's crashing at our place tonight,,,
ham,"Wow. I never realized that you were so embarassed by your accomodations. I thought you liked it, since i was doing the best i could and you always seemed so happy about \the cave\"". I'm sorry I didn't and don't have more to give. I'm sorry i offered. I'm sorry your room was so embarassing.""",,,
spam,SMS. ac Sptv: The New Jersey Devils and the Detroit Red Wings play Ice Hockey. Correct or Incorrect? End? Reply END SPTV,,,
ham,Do you know what Mallika Sherawat did yesterday? Find out now @  &lt;URL&gt;,,,
spam,"Congrats! 1 year special cinema pass for 2 is yours. call 09061209465 now! C Suprman V, Matrix3, StarWars3, etc all 4 FREE! bx420-ip4-5we. 150pm. Dont miss out! ",,,
ham,"Sorry, I'll call later in meeting.",,,
ham,Tell where you reached,,,
ham,Yes..gauti and sehwag out of odi series.,,,
ham,Your gonna have to pick up a $1 burger for yourself on your way home. I can't even move. Pain is killing me.,,,
ham,Ha ha ha good joke. Girls are situation seekers.,,,
ham,Its a part of checking IQ,,,
ham,"Sorry my roommates took forever, it ok if I come by now?",,,
ham,Ok lar i double check wif da hair dresser already he said wun cut v short. He said will cut until i look nice.,,,
spam,"As a valued customer, I am pleased to advise you that following recent review of your Mob No. you are awarded with a �1500 Bonus Prize, call 09066364589",,,
ham,"Today is \song dedicated day..\"" Which song will u dedicate for me? Send this to all ur valuable frnds but first rply me...""",,,
spam,"Urgent UR awarded a complimentary trip to EuroDisinc Trav, Aco&Entry41 Or �1000. To claim txt DIS to 87121 18+6*�1.50(moreFrmMob. ShrAcomOrSglSuplt)10, LS1 3AJ",,,
spam,"Did you hear about the new \Divorce Barbie\""? It comes with all of Ken's stuff!""",,,
ham,I plane to give on this month end.,,,
ham,Wah lucky man... Then can save money... Hee...,,,
ham,Finished class where are you.,,,
ham,HI BABE IM AT HOME NOW WANNA DO SOMETHING? XX,,,
ham,K..k:)where are you?how did you performed?,,,
ham,U can call me now...,,,
ham,I am waiting machan. Call me once you free.,,,
ham,Thats cool. i am a gentleman and will treat you with dignity and respect.,,,
ham,I like you peoples very much:) but am very shy pa.,,,
ham,Does not operate after  &lt;#&gt;  or what,,,
ham,Its not the same here. Still looking for a job. How much do Ta's earn there.,,,
ham,"Sorry, I'll call later",,,
ham,K. Did you call me just now ah? ,,,
ham,Ok i am on the way to home hi hi,,,
ham,You will be in the place of that man,,,
ham,Yup next stop.,,,
ham,"I call you later, don't have network. If urgnt, sms me.",,,
ham,For real when u getting on yo? I only need 2 more tickets and one more jacket and I'm done. I already used all my multis.,,,
ham,Yes I started to send requests to make it but pain came back so I'm back in bed. Double coins at the factory too. I gotta cash in all my nitros.,,,
ham,I'm really not up to it still tonight babe,,,
ham,"Ela kano.,il download, come wen ur free..",,,
ham,Yeah do! Don���t stand to close tho- you���ll catch something!,,,
ham,Sorry to be a pain. Is it ok if we meet another night? I spent late afternoon in casualty and that means i haven't done any of y stuff42moro and that includes all my time sheets and that. Sorry. ,,,
ham,Smile in Pleasure Smile in Pain Smile when trouble pours like Rain Smile when sum1 Hurts U Smile becoz SOMEONE still Loves to see u Smiling!!,,,
spam,Please call our customer service representative on 0800 169 6031 between 10am-9pm as you have WON a guaranteed �1000 cash or �5000 prize!,,,
ham,Havent planning to buy later. I check already lido only got 530 show in e afternoon. U finish work already?,,,
spam,"Your free ringtone is waiting to be collected. Simply text the password \MIX\"" to 85069 to verify. Get Usher and Britney. FML", PO Box 5249," MK17 92H. 450Ppw 16""",
ham,Watching telugu movie..wat abt u?,,,
ham,i see. When we finish we have loads of loans to pay,,,
ham,"Hi. Wk been ok - on hols now! Yes on for a bit of a run. Forgot that i have hairdressers appointment at four so need to get home n shower beforehand. Does that cause prob for u?\""
ham""",,,
ham,Please don't text me anymore. I have nothing else to say.,,,
ham,Okay name ur price as long as its legal! Wen can I pick them up? Y u ave x ams xx,,,
ham,I'm still looking for a car to buy. And have not gone 4the driving test yet.,,,
ham,As per your request 'Melle Melle (Oru Minnaminunginte Nurungu Vettam)' has been set as your callertune for all Callers. Press *9 to copy your friends Callertune,,,
ham,"wow. You're right! I didn't mean to do that. I guess once i gave up on boston men and changed my search location to nyc, something changed. Cuz on my signin page it still says boston.",,,
ham,Umma my life and vava umma love you lot dear,,,
ham,Thanks a lot for your wishes on my birthday. Thanks you for making my birthday truly memorable.,,,
ham,"Aight, I'll hit you up when I get some cash",,,
ham,How would my ip address test that considering my computer isn't a minecraft server,,,
ham,I know! Grumpy old people. My mom was like you better not be lying. Then again I am always the one to play jokes...,,,
ham,Dont worry. I guess he's busy.,,,
ham,What is the plural of the noun research?,,,
ham,Going for dinner.msg you after.,,,
ham,I'm ok wif it cos i like 2 try new things. But i scared u dun like mah. Cos u said not too loud.,,,
spam,GENT! We are trying to contact you. Last weekends draw shows that you won a �1000 prize GUARANTEED. Call 09064012160. Claim Code K52. Valid 12hrs only. 150ppm,,,
ham,"Wa, ur openin sentence very formal... Anyway, i'm fine too, juz tt i'm eatin too much n puttin on weight...Haha... So anythin special happened?",,,
ham,"As I entered my cabin my PA said, '' Happy B'day Boss !!''. I felt special. She askd me 4 lunch. After lunch she invited me to her apartment. We went there.",,,
spam,You are a winner U have been specially selected 2 receive �1000 or a 4* holiday (flights inc) speak to a live operator 2 claim 0871277810910p/min (18+) ,,,
ham,Goodo! Yes we must speak friday - egg-potato ratio for tortilla needed! ,,,
ham,Hmm...my uncle just informed me that he's paying the school directly. So pls buy food.,,,
spam,PRIVATE! Your 2004 Account Statement for 07742676969 shows 786 unredeemed Bonus Points. To claim call 08719180248 Identifier Code: 45239 Expires,,,
spam,"URGENT! Your Mobile No. was awarded �2000 Bonus Caller Prize on 5/9/03 This is our final try to contact U! Call from Landline 09064019788 BOX42WR29C, 150PPM",,,
ham,here is my new address -apples&pairs&all that malarky,,,
spam,Todays Voda numbers ending 7548 are selected to receive a $350 award. If you have a match please call 08712300220 quoting claim code 4041 standard rates app,,,
ham,I am going to sao mu today. Will be done only at 12 ,,,
ham,�� predict wat time �_'ll finish buying?,,,
ham,"Good stuff, will do.",,,
ham,"Just so that you know,yetunde hasn't sent money yet. I just sent her a text not to bother sending. So its over, you dont have to involve yourself in anything. I shouldn't have imposed anything on you in the first place so for that, i apologise.",,,
ham,Are you there in room.,,,
ham,HEY GIRL. HOW R U? HOPE U R WELL ME AN DEL R BAK! AGAIN LONG TIME NO C! GIVE ME A CALL SUM TIME FROM LUCYxx,,,
ham,K..k:)how much does it cost?,,,
ham,I'm home.,,,
ham,"Dear, will call Tmorrow.pls accomodate.",,,
ham,First answer my question.,,,
spam,Sunshine Quiz Wkly Q! Win a top Sony DVD player if u know which country the Algarve is in? Txt ansr to 82277. �1.50 SP:Tyrone,,,
spam,Want 2 get laid tonight? Want real Dogging locations sent direct 2 ur mob? Join the UK's largest Dogging Network bt Txting GRAVEL to 69888! Nt. ec2a. 31p.msg@150p,,,
ham,I only haf msn. It's yijue@hotmail.com,,,
ham,He is there. You call and meet him,,,
ham,No no. I will check all rooms befor activities,,,
spam,You'll not rcv any more msgs from the chat svc. For FREE Hardcore services text GO to: 69988 If u get nothing u must Age Verify with yr network & try again,,,

ham,Wishing you a beautiful day. Each moment revealing even more things to keep you smiling. Do enjoy it.,,,
spam,"\For the most sparkling shopping breaks from 45 per person; call 0121 2025050 or visit www.shortbreaks.org.uk\""""",,,
ham,Arun can u transfr me d amt,,,
ham,"Sorry, I'll call later",,,
ham,If you hear a loud scream in about &lt;#&gt; minutes its cause my Gyno will be shoving things up me that don't belong :/,,,
spam,December only! Had your mobile 11mths+? You are entitled to update to the latest colour camera mobile for Free! Call The Mobile Update Co FREE on 08002986906,,,
ham,Ok i thk i got it. Then u wan me 2 come now or wat?,,,
spam,Txt: CALL to No: 86888 & claim your reward of 3 hours talk time to use from your phone now! Subscribe6GBP/mnth inc 3hrs 16 stop?txtStop www.gamb.tv,,,
ham,U GOIN OUT 2NITE?,,,
ham,I will treasure every moment we spend together...,,,
ham,Shall I bring us a bottle of wine to keep us amused? Only joking! I���ll bring one anyway,,,
spam,http//tms. widelive.com/index. wml?id=820554ad0a1705572711&first=true��C C Ringtone��,,,
spam,Get your garden ready for summer with a FREE selection of summer bulbs and seeds worth �33:50 only with The Scotsman this Saturday. To stop go2 notxt.co.uk,,,
spam,"URGENT! Last weekend's draw shows that you have won �1000 cash or a Spanish holiday! CALL NOW 09050000332 to claim. T&C: RSTM, SW7 3SS. 150ppm",,,
ham,Ok lor.,,,
ham,I thought slide is enough.,,,
ham,Yup,,,
ham,Well obviously not because all the people in my cool college life went home ;_;,,,
ham,Ok lor �_ reaching then message me.,,,
ham,Where's mummy's boy ? Is he being good or bad ? Is he being positive or negative ? Why is mummy being made to wait? Hmmmm?,,,
ham,Dhoni have luck to win some big title.so we will win:),,,
ham,Yes princess! I want to please you every night. Your wish is my command...,,,
ham,What Today-sunday..sunday is holiday..so no work..,,,
ham,No probably  &lt;#&gt; %.,,,
ham,Really do hope the work doesnt get stressful. Have a gr8 day.,,,
ham,Have you seen who's back at Holby?!,,,
ham,Shall call now dear having food,,,
spam,URGENT We are trying to contact you Last weekends draw shows u have won a �1000 prize GUARANTEED Call 09064017295 Claim code K52 Valid 12hrs 150p pm,,,
ham,So li hai... Me bored now da lecturer repeating last weeks stuff waste time... ,,,
ham,", ,  and  picking them up from various points | going 2 yeovil | and they will do the motor project 4 3 hours | and then u take them home. || 12 2 5.30 max. || Very easy",,,
ham,Also fuck you and your family for going to rhode island or wherever the fuck and leaving me all alone the week I have a new bong &gt;:(,,,
ham,Ofcourse I also upload some songs,,,
spam,2p per min to call Germany 08448350055 from your BT line. Just 2p per min. Check PlanetTalkInstant.com for info & T's & C's. Text stop to opt out,,,
ham,K. I will sent it again,,,
ham,Oh thanks a lot..i already bought 2 eggs ..,,,
ham,K. I will sent it again,,,
ham,U studying in sch or going home? Anyway i'll b going 2 sch later.,,,
spam,Marvel Mobile Play the official Ultimate Spider-man game (�4.50) on ur mobile right now. Text SPIDER to 83338 for the game & we ll send u a FREE 8Ball wallpaper,,,
ham,I think if he rule tamilnadu..then its very tough for our people.,,,
ham,"Cool, we shall go and see, have to go to tip anyway. Are you at home, got something to drop in later? So lets go to town tonight! Maybe mum can take us in.",,,
ham,"Good afternoon, my love ... How goes your day ? How did you sleep ? I hope your well, my boytoy ... I think of you ...",,,
ham,Yes... I trust u to buy new stuff ASAP so I can try it out,,,
spam,"SMS SERVICES. for your inclusive text credits, pls goto www.comuk.net login= 3qxj9 unsubscribe with STOP, no extra charge. help 08702840625.COMUK. 220-CM2 9AE",,,
ham,Why did I wake up on my own &gt;:(,,,
ham,Now get step 2 outta the way. Congrats again.,,,
ham,Love has one law; Make happy the person you love. In the same way friendship has one law; Never make ur friend feel alone until you are alive.... Gud night,,,
spam,PRIVATE! Your 2003 Account Statement for 07808247860 shows 800 un-redeemed S. I. M. points. Call 08719899229 Identifier Code: 40411 Expires 06/11/04,,,
ham,Apo all other are mokka players only,,,
ham,"Perhaps * is much easy give your account identification, so i will tomorrow at UNI",,,
ham,Wait . I will msg after  &lt;#&gt;  min.,,,
ham,What i told before i tell. Stupid hear after i wont tell anything to you. You dad called to my brother and spoken. Not with me.,,,
ham,God's love has no limit. God's grace has no measure. God's power has no boundaries. May u have God's endless blessings always in ur life...!! Gud ni8,,,
ham,I want to be inside you every night...,,,
ham,"Machan you go to gym tomorrow,  i wil come late goodnight.",,,
ham,Lol they were mad at first but then they woke up and gave in.,,,
ham,I went to project centre,,,
ham,"It���s reassuring, in this crazy world.",,,
ham,"Just making dinner, you ?",,,
ham,Yes. Please leave at  &lt;#&gt; . So that at  &lt;#&gt;  we can leave,,,
ham,Oh... Okie lor...We go on sat... ,,,
ham,You are a great role model. You are giving so much and i really wish each day for a miracle but God as a reason for everything and i must say i wish i knew why but i dont. I've looked up to you since i was young and i still do. Have a great day.,,,
ham,"Ya, i'm referin to mei's ex wat... No ah, waitin 4 u to treat, somebody shld b rich liao...So gd, den u dun have to work frm tmr onwards...",,,
ham,Miles and smiles r made frm same letters but do u know d difference..? smile on ur face keeps me happy even though I am miles away from u.. :-)keep smiling.. Good nyt,,,
ham,"By the way, i've put a skip right outside the front of the house so you can see which house it is. Just pull up before it.",,,
ham,Can you pls send me that company name. In saibaba colany,,,
ham,No. I dont want to hear anything,,,
ham,You are a big chic. Common. Declare,,,
ham,Thats cool. I want to please you...,,,
ham,Going to join tomorrow.,,,
spam,You are awarded a SiPix Digital Camera! call 09061221061 from landline. Delivery within 28days. T Cs Box177. M221BP. 2yr warranty. 150ppm. 16 . p p�3.99,,,
ham,I want to tell you how bad I feel that basically the only times I text you lately are when I need drugs,,,
spam,PRIVATE! Your 2003 Account Statement for shows 800 un-redeemed S.I.M. points. Call 08718738001 Identifier Code: 49557 Expires 26/11/04,,,
ham,"Total disappointment, when I texted you was the craziest shit got :(",,,
ham,Its just the effect of irritation. Just ignore it,,,
ham,What about this one then.,,,
ham,I think that tantrum's finished so yeah I'll be by at some point,,,
ham,Compliments to you. Was away from the system. How your side.,,,
ham,happened here while you were adventuring,,,
ham,"Hey chief, can you give me a bell when you get this. Need to talk to you about this royal visit on the 1st june. ",,,
ham,Ok which your another number,,,
ham,"I know you are thinkin malaria. But relax, children cant handle malaria. She would have been worse and its gastroenteritis. If she takes enough to replace her loss her temp will reduce. And if you give her malaria meds now she will just vomit. Its a self limiting illness she has which means in a few days it will completely stop",,,
ham,Aiyah ok wat as long as got improve can already wat...,,,
spam,Want explicit SEX in 30 secs? Ring 02073162414 now! Costs 20p/min Gsex POBOX 2667 WC1N 3XX,,,
ham,I can't believe how attached I am to seeing you every day. I know you will do the best you can to get to me babe. I will go to teach my class at your midnight,,,
ham,Just sleeping..and surfing,,,
spam,ASKED 3MOBILE IF 0870 CHATLINES INCLU IN FREE MINS. INDIA CUST SERVs SED YES. L8ER GOT MEGA BILL. 3 DONT GIV A SHIT. BAILIFF DUE IN DAYS. I O �250 3 WANT �800,,,
ham,Yeah it's jus rite...,,,
ham,Armand says get your ass over to epsilon,,,
ham,U still havent got urself a jacket ah?,,,
ham,"I'm taking derek &amp; taylor to walmart, if I'm not back by the time you're done just leave the mouse on my desk and I'll text you when priscilla's ready",,,
ham,Hi its in durban are you still on this number,,,
ham,Ic. There are a lotta childporn cars then.,,,
spam,"Had your contract mobile 11 Mnths? Latest Motorola, Nokia etc. all FREE! Double Mins & Text on Orange tariffs. TEXT YES for callback, no to remove from records.",,,
ham,"No, I was trying it all weekend ;V",,,
ham,"You know, wot people wear. T shirts, jumpers, hat, belt, is all we know. We r at Cribbs",,,
ham,"Cool, what time you think you can get here?",,,
ham,Wen did you get so spiritual and deep. That's great,,,
ham,Have a safe trip to Nigeria. Wish you happiness and very soon company to share moments with,,,
ham,Hahaha..use your brain dear,,,
ham,Well keep in mind I've only got enough gas for one more round trip barring a sudden influx of cash,,,
ham,Yeh. Indians was nice. Tho it did kane me off a bit he he. We shud go out 4 a drink sometime soon. Mite hav 2 go 2 da works 4 a laugh soon. Love Pete x x,,,
ham,Yes i have. So that's why u texted. Pshew...missing you so much,,,
ham,No. I meant the calculation is the same. That  &lt;#&gt; units at  &lt;#&gt; . This school is really expensive. Have you started practicing your accent. Because its important. And have you decided if you are doing 4years of dental school or if you'll just do the nmde exam.,,,
ham,"Sorry, I'll call later",,,
ham,if you aren't here in the next  &lt;#&gt;  hours imma flip my shit,,,
ham,Anything lor. Juz both of us lor.,,,
ham,Get me out of this dump heap. My mom decided to come to lowes. BORING.,,,
ham,Ok lor... Sony ericsson salesman... I ask shuhui then she say quite gd 2 use so i considering...,,,
ham,Ard 6 like dat lor.,,,
ham,Why don't you wait 'til at least wednesday to see if you get your .,,,
ham,Huh y lei...,,,
spam,"REMINDER FROM O2: To get 2.50 pounds free call credit and details of great offers pls reply 2 this text with your valid name, house no and postcode",,,
spam,"This is the 2nd time we have tried 2 contact u. U have won the �750 Pound prize. 2 claim is easy, call 087187272008 NOW1! Only 10p per minute. BT-national-rate.",,,
ham,Will �_ b going to esplanade fr home?,,,
ham,"Pity, * was in mood for that. So...any other suggestions?",,,
ham,The guy did some bitching but I acted like i'd be interested in buying something else next week and he gave it to us for free,,,
ham,Rofl. Its true to its name,,,
